Soru_No,Soru,Gold_Pages,Reference_Answer,Asistan_Cevabi,Sure_saniye,Retrieved_Pages,Kullanilan_Context,Hata
1,What is the purpose of irrigation in root canal treatment?,944|945,"Irrigation flushes out debris, lubricates the canal, dissolves organic and inorganic tissue, prevents or removes the smear layer, and disrupts biofilms.",To remove debris and promote healing. [Belge 6 | page=844] Source=pathways pdf,26.85,"[944, 945, 74, 944, 930]","[Belge 1 | page=944] source=pathways.pdf
. The mechanical and chemical objectives are as follows: (i) Flush out debris, (ii) lubricate the canal, (iii) dissolve organic and inorganic tissue, (iv) prevent the formation of a smear layer during instrumentation or dissolve it once it has formed, and (v) detach and disrupt biofilms. 38 Mechanical effectiveness will depend upon the ability of irrigation to generate optimum streaming forces within the entire root canal system, interact with the canal walls, and reach areas that cannot be prepared by mechanical instruments, including fins, isthmuses, and even lateral canals

[Belge 2 | page=945] source=pathways.pdf
. 58 The effectiveness of root canal irrigation in terms of debris removal and eradication of bacteria depends on several factors that can be controlled by the operator: penetration depth of the needle, diameter of the root canal, inner and outer diameter of the needle, irrigation pressure, viscosity of the irrigant, velocity of the irrigant at the needle tip, and type and orientation of the needle bevel ( Fig. 8.45 ).

[Belge 3 | page=74] source=pathways.pdf
. Fig. 8.45 Irrigation and movement of irrigants depends on canal shape. Sequential enlargement of a canal in clear plastic block was performed with a sequence of ProFile instruments in accordance with the manufacturer’s recommendations. Alternating irrigation with blue and red fluid was done after each preparation step. Note the apical presence of irrigant after sufficient shape has been provided. Note the distribution of fluid immediately after irrigation with a 30-gauge needle. Fig. 8.46 A, Various types of needles for root canal irrigation

[Belge 4 | page=944] source=pathways.pdf
. This often necessitates a hybrid technique. Disinfection of the root canal system Irrigation is defined as “to wash out a body cavity or wound with water or a medicated fluid” and aspiration as “the process of removing fluids or gases from the body with a suction device.” Disinfectant, meanwhile, is defined as “an agent that destroys or inhibits the activity of microorganisms that cause disease.” 1 The objectives of irrigation in endodontics are mechanical, chemical, and biological

[Belge 5 | page=930] source=pathways.pdf
Can be combined with tapered preparation to counteract some drawbacks Less compaction of hard tissue debris in canal spaces in apical areas during irrigati",
2,When is calcium hydroxide used as an intracanal medicament?,976|977|980,"Calcium hydroxide is used as an intracanal medicament when treatment cannot be completed in one appointment, to restrict bacterial regrowth and maintain disinfection between visits.","Intracanal medications like calcium hydroxyde are commonly used during root canal treatments due to its effectiveness against bacteria and its ability to create a physical blockade within the canal. This technique helps prevent further infections and promote healing. Calciumphosphate compounds like calcium phosphates and calcium hydrogen phosphate also exist but their efficacy varies depending on factors like the type of infection being treated and the specific composition of the material used. These materials can also cause side effects like nausea, vomiting, and di",28.13,"[976, 977, 977, 2577, 980]","[Belge 1 | page=976] source=pathways.pdf
and may be considered to have an iodine “allergy.” Intracanal medication Intracanal medication is used when treatment cannot be completed in one appointment (see Chapters 5 and 15 ). The surviving intracanal bacteria after cleaning and shaping may increase between appointments. 76 , 477 The main objectives for the intracanal medication are restrict bacterial regrowth, supply continued disinfection, and create a physical barrier. Calcium hydroxide Calcium hydroxide is the most popular intracanal medication use. It was introduced by Hermann 194 in 1920

[Belge 2 | page=977] source=pathways.pdf
. Clinical protocol. Calcium hydroxide should be in contact with the tissue to act. Ca(OH) 2 powder may be mixed with sterile water or saline and placed into the canal using a lentulo paste filler. 324 Alternatively, the mix may be applied from sterile, single-dose packages (e.g., Calasept [J.S. Dental, Ridgefield, CT, USA]; Calcijet [Centrix, Shelton, CT, USA]; and DT Temporary Dressing [Global Dental Products, North Bellmore, NY, USA]; Fig. 8.58 )

[Belge 3 | page=977] source=pathways.pdf
. The main characteristics of Ca(OH) 2 include limited solubility, high pH, broad-spectrum antimicrobial agent, and antimicrobial action sustained for long periods. Other uses of Ca(OH) 2 . Long-term calcium hydroxide treatment can be used to induce apexification of the immature tooth with pulpal necrosis before placing an obturation material such as gutta-percha in the root canal system. 137 Also, in cases where revascularization/guided pulpal repair is desired, Ca(OH) 2 may be used instead of antibiotic pastes (for more details, see later and Chapter 12 ). Clinical protocol

[Belge 4 | page=2577] source=pathways.pdf
. 54 , 88 ◼ Pulp dressing . Calcium hydroxide has traditionally been used for vital pulp therapy. Its main advantage is that it is antibacterial 46 , 163 and disinfects the superficial pulp. Pure calcium hydroxide causes necrosis of approximately 1.5 mm of pulp tissue, which removes superficial layers of inflamed pulp if present ( Fig. 21.10 ). 135 The high pH (12.5) of calcium hydroxide causes a liquefaction necrosis in the most superficial layers

[Belge 5 | page=980] source=pathways.pdf
. 316 However, a different study 268 demonstrated that intracanal medication with Ca(OH) 2 , 2% CHX gel, or a mixture of Ca(OH) 2 /CHX applied for 7 da",
3,What is the role of sodium hypochlorite in endodontics?,1030|1033|949|958,Sodium hypochlorite is an endodontic irrigant used for antimicrobial disinfection and organic tissue dissolution in the root canal system.,"crotizing factor activity of sodium chloride solution, J Endod. 1979;6: 20-21. 202. Heck M, Schultze W, Lange U, et al. Effects of different types of fluorides on the microbiology of root canals, J Endo 1969;2: 10-11. [Belge 5 | page=316] source = pathways.pdf Endodontic Retreatment - Case",29.65,"[2548, 1159, 2526, 1030, 3354]","[Belge 1 | page=2548] source=pathways.pdf
. 316. Spencer HR, Ike V, Brennan PA. Review: the use of sodium hypochlorite in endodontics—potential complications and their management , Br Dent J 2007;202: 555- doi:17496870. 317. Spili P, Parashos P, Messer HH. The impact of instrument fracture on outcome of endodontic treatment , J Endod 2005;31: 845- doi:16306815. 318. Stabholz A, Friedman S. Endodontic retreatment—case selection and technique. Part 2: treatment planning for retreatment , J Endod 1988;14: 607- doi:3270681. 319. Stammberger H, Jakse R, Beaufort F

[Belge 2 | page=1159] source=pathways.pdf
. 53. Cameron JA. The synergistic relationship between ultrasound and sodium hypochlorite: a scanning electron microscope evaluation , J Endod 1987;13: 541-545. 54. Camilleri J, Pitt Ford TR. Mineral trioxide aggregate: a review of the constituents and biological properties of the material , Int Endod J 2006;39: 747-754. 55. Camps J, About I. Cytotoxicity testing of endodontic sealers: a new method , J Endod 2003;29: 583-586. 56. Card SJ, Sigurdsson A, Orstavik D, et al: The effectiveness of increased apical enlargement in reducing intracanal bacteria , J Endod 2002;28: 779-783. 57

[Belge 3 | page=2526] source=pathways.pdf
hypochlorite on soft tissues after its inadvertent injection beyond the root apex , J Endod 1991;17: 573- doi:1812208. 108. George S, Basrani B, Kishen A. Possibilities of gutta- percha-centered infection in endodontically treated teeth: an in vitro study , J Endod 2010;36: 1241- doi:20630308. 109. Gernhardt CR, Eppendorf K, Kozlowski A, et al: Toxicity of concentrated sodium hypochlorite used as an endodontic irrigant , Int Endod J 2004;37: 272- doi:15056354. 110

[Belge 4 | page=1030] source=pathways.pdf
endodontic instruments , J Endod 1999;25: 6. 184. Haikel Y, Serfaty R, Wilson P, et al: Mechanical properties of nickel-titanium endodontic instruments and the effect of sodium hypochlorite treatment , J Endod 1998;24: 11. 185. Hamblin MR, Hasan T. Photodynamic therapy: a new antimicrobial approach to infectious disease? , Photochem Photobiol Sci 2004;3: 5. 186. Hand RE, Smith ML, Harrison JW. Analysis of the effect of dilution on the necrotic tissue dissolution property of sodium hypochlorite , J Endod 1978;4: 2. 187. Hasselgren G. Where shall the root filling end? , NY St Dent J 1994;60: 6

[Belge 5 | page=3354] source=pathways.pdf
as decalcifyi",
4,Why is EDTA used during root canal treatment?,968|969|1086|1159,"EDTA is used as a chelating agent to remove the inorganic smear layer, demineralize dentin, open dentinal tubules, and improve irrigant penetration.","EDTA's primary function is to dissolve the calcified tissue within the root canal system, thereby enabling easier access for instruments like screwdrivers and files. This process allows for more precise control over the procedure while minimizing damage to the surrounding tissues. Additionally, EDTA's ability to dissolve dentin makes it useful for removing stubborn plaque buildup and preventing further bacterial growth within the canal. Its effectiveness in these regards underscores why EDTA remains an essential component of many modern endodonto- surgical protocols.",27.11,"[968, 2190, 1274, 969, 1456]","[Belge 1 | page=968] source=pathways.pdf
. 158 For root canal preparation, EDTA has limited value alone as an irrigation fluid. 158 EDTA is generally used in a concentration of 17% and can remove the smear layers when in direct contact with the root canal wall for less than 1 minute. Even though EDTA has self- limited action, if it is left in the canal for longer or NaOCl is used after EDTA, erosion of dentin has been demonstrated ( Fig. 8.55 ). FIG. 8.55 Scanning electron microscope (SEM) image of root canal dentin exposed to 2 minutes of EDTA. Micrograph of dentin shows thin walls with porous surface

[Belge 2 | page=2190] source=pathways.pdf
. 261 EDTA solution assists negotiation of narrow or sclerosed canals by demineralization of root dentine and helps in the removal of compacted debris from noninstrumented canal anatomy. It may also facilitate deeper penetration of sodium hypochlorite solution into dentine by opening dentinal tubules and removing the smear layer from the instrumented surface. Lastly, it may help detach or break up biofilms adhering to root canal walls. 85 Medicament

[Belge 3 | page=1274] source=pathways.pdf
now being used in North America since its recent FDA approval. 93 The paste seems to seal well, but there is an unacceptably high incidence of root fracture due to the large amount of expansion on setting. 93 Retreatment will be complicated by the hard setting nature of this material; however, since it is a calcium oxide paste, EDTA may soften it, facilitating its removal. Since the EDTA also softens dentin, care must be taken not to gouge or ledge the canal walls during retreatment, and root fractures must be suspected as a potential complicating factor in the outcome. FIG

[Belge 4 | page=969] source=pathways.pdf
. Clinically, this suggests that EDTA and NaOCl should be used separately. In an alternating irrigating regimen, copious amounts of NaOCl should be administered to wash out remnants of the EDTA. In modern endodontics, EDTA is used once the cleaning and shaping are completed for around 1 minute. It can be activated with ultrasonic activation for better penetration in dentinal tubules. It should be taken into consideration that raising the temperature of EDTA is

[Belge 5 | page=1456] source=pathways.pdf
nondemineralized root ends. However, the periodontal literature has questioned the benefit of etching dentin surfaces with low ",
5,What is the smear layer and why is it removed?,1083|1084|1085|964|974,"The smear layer is organic and inorganic debris on instrumented canal walls; it is removed to improve irrigant, medicament, and sealer penetration and reduce bacterial substrate or leakage.","The smear layer refers to the material that forms between the pulp chamber and the root canal system, which can obstruct access to the root canal space during endodontics procedures. Its removal allows for better communication between the root canal and the rest of the tooth structure, facilitating proper cleaning and preservation of the toothing surface. This process ensures optimal outcomes by reducing the risk of complications related to poorly executed treatments due to incomplete canal preparation or incorrect placement of instruments. [Endodontics]",25.82,"[1084, 1084, 1083, 964, 964]","[Belge 1 | page=1084] source=pathways.pdf
. 289 There does not appear to be a consensus on removing the smear layer before obturation and the advantages/disadvantages of smear layer removal remains inconclusive. 59 , 262 , 265 However, growing evidence supports removal of the smear layer before obturation. 131 , 194 , 265 The organic debris present in the smear layer might constitute a substrate for bacterial growth. 215 It has been suggested that the smear layer prohibits sealer contact with the canal wall and permits leakage

[Belge 2 | page=1084] source=pathways.pdf
. 77 The smear layer may also interfere with the action of irrigants used as disinfectants. 204 When the smear layer is not removed, the dentinal tubules provide a long-term sanctuary for previously entrapped microorganisms to participate in reinfections. Additionally, the smear layer may slowly disintegrate and dissolve around leaking obturation materials or it may be removed by bacterial by-products such as acids and enzymes. 262 The smear layer may interfere with the adhesion and penetration of root canal sealers. It also may prevent GP penetration during thermoplastic obturation techniques

[Belge 3 | page=1083] source=pathways.pdf
. 5 Another investigation noted a mean penetration of 479 μm after a 28-day incubation period. 219 The smear layer is not a complete barrier to bacteria but may act as a physical barrier, decreasing bacterial penetration into tubules. This was illustrated by a study reporting that removal of the smear layer permitted colonization of the dentinal tubules at a significantly higher rate when compared with leaving the smear layer in place. 82 The smear layer may also interfere with adhesion and penetration of sealers into dentinal tubules

[Belge 4 | page=964] source=pathways.pdf
. While it has been viewed as an impediment to irrigant penetration into dentinal tubules ( Fig. 8.53 ), there is still a controversy about the influence of smear layer on the outcome of endodontic treatment. Some researchers emphasize the importance of removing the smear layer to allow irrigants, medications, and sealers to penetrate dentinal tubules and improve disinfection

[Belge 5 | page=964] source=pathways.pdf
. On the other hand, other researchers focused on keeping the smear layer as protection for bacterial invasion, apical and coronal microleakage, bacterial penetration of the tubules, a",
